{
  "trained_at": "2025-12-03T12:38:55.142216",
  "n_samples": 30,
  "accuracy": 0.6666666666666666,
  "auc": 0.5
}