{
  "r2": -2.3020646102819233,
  "mae": 16.85333333333333,
  "n_samples": 17,
  "train_time_sec": 0.15,
  "trained_at": "2025-11-29T21:54:15"
}